shot,start_s,end_s,visual,background,character,prop,text,transition
001,0,4,"Dave at laptop, happy email",office,dave_happy_paycheck,paycheck,ON-SCREEN: +7%,hard_cut
002,4,8,Close Dave celebration,plain_cream,dave_happy_paycheck,,,punch_in
003,8,12,Angry rent bill enters,plain_cream,dave_worried_bills,rent,RENT,hard_cut
004,12,16,Grocery receipt crowds Dave,supermarket,dave_worried_bills,grocery_receipt,,hard_cut
005,16,20,Insurance bill joins,plain_blue,dave_worried_bills,insurance,,hard_cut
006,20,24,Credit-card statement smiles,plain_cream,dave_exhausted,credit_card_statement,MINIMUM DUE,hard_cut
007,24,29,Dave vs paycheck and costs,plain_cream,dave_neutral,paycheck,RAISE ON PAPER,hard_cut
008,29,34,Title concept: paper vs real life,plain_cream,dave_pointing,wallet,REAL LIFE,hard_cut
009,34,39,$50k becomes $53.5k,plain_blue,dave_happy_paycheck,paycheck,"$50,000 → $53,500",number_pop
010,39,44,Prices rise around paycheck,plain_cream,dave_worried_bills,grocery_receipt,PRICES MOVE TOO,hard_cut
011,44,49,Nominal label on paycheck,plain_cream,dave_pointing,paycheck,NOMINAL,label_pop
012,49,54,Real label over shopping cart,supermarket,dave_pointing,shopping_cart,REAL = WHAT IT BUYS,hard_cut
013,54,59,OECD map-like simple text beat,plain_blue,dave_neutral,savings_investment,"REAL WAGES: RECOVERING, UNEVENLY",hard_cut
014,59,64,"Dave paycheck larger, same cart",supermarket,dave_worried_bills,shopping_cart,,hard_cut
015,64,69,News card inflation 3%,home,dave_neutral,,INFLATION: 3%,hard_cut
016,69,74,Dave looks at rent bill,home,dave_worried_bills,rent,,hard_cut
017,74,79,Dave complaint with mathematics joke,plain_cream,dave_angry,rent,COMPLAINT: MATHEMATICS,hard_cut
018,79,84,Average basket appears,plain_blue,dave_pointing,shopping_cart,AVERAGE BASKET,hard_cut
019,84,89,House icon dominates budget,plain_cream,dave_neutral,house,HOUSING,hard_cut
020,89,94,Homeowner fixed mortgage vs renter,plain_blue,dave_pointing,mortgage_ball_chain,SAME CPI. DIFFERENT LIFE.,hard_cut
021,94,99,Car commuter visual,street,dave_neutral,,COMMUTE,hard_cut
022,99,104,Work-from-home contrast,home,dave_neutral,,WORK FROM HOME,hard_cut
023,104,109,Family groceries visual,supermarket,partner,grocery_bag,HOUSEHOLD BASKET,hard_cut
024,109,114,Instant noodles joke,plain_cream,dave_exhausted,grocery_bag,,hard_cut
025,114,119,Personal inflation label,plain_blue,dave_pointing,wallet,YOUR PERSONAL INFLATION,hard_cut
026,119,124,Boss level card,plain_cream,dave_worried_bills,house,FIXED-COST BOSS LEVEL,hard_cut
027,124,129,Insurance cost,plain_cream,dave_worried_bills,insurance,,hard_cut
028,129,134,Utilities cost,home,dave_worried_bills,electricity,,hard_cut
029,134,139,Debt chain,plain_blue,dave_exhausted,debt_chain,,hard_cut
030,139,144,Restaurant optional vs electricity unavoidable,plain_cream,dave_pointing,electricity,YOU CAN'T SKIP TUESDAY,hard_cut
031,144,149,Extra $200 appears,plain_blue,dave_happy_paycheck,paycheck,+$200 TAKE-HOME,number_pop
032,149,154,Rent takes $80,plain_cream,dave_worried_bills,rent,-$80,hard_cut
033,154,159,Insurance takes $30,plain_cream,dave_worried_bills,insurance,-$30,hard_cut
034,159,164,Groceries take $40,supermarket,dave_worried_bills,grocery_receipt,-$40,hard_cut
035,164,169,Electricity takes $20,home,dave_exhausted,electricity,-$20,hard_cut
036,169,174,Only $30 left,plain_blue,dave_exhausted,wallet,$30 LEFT,hard_cut
037,174,179,Coffee confidence gag,plain_cream,dave_neutral,,ONE CONFIDENT COFFEE,hard_cut
038,179,184,Salary percentage vs breathing room,plain_blue,dave_pointing,wallet,SALARY ≠ BREATHING ROOM,hard_cut
039,184,189,Gross-pay card,office,boss,paycheck,GROSS,hard_cut
040,189,194,Deductions remove chunks,plain_cream,dave_worried_bills,paycheck,TAX + PAYROLL,hard_cut
041,194,199,Subscriptions crowd TV/phone,home,dave_exhausted,subscription_machine,,hard_cut
042,199,204,Debt enters separately,plain_blue,dave_exhausted,credit_card,DEBT COST,hard_cut
043,204,209,Variable-cost arrows,plain_cream,dave_pointing,debt_chain,INTEREST,hard_cut
044,209,214,Yesterday's purchases gag,plain_cream,dave_exhausted,credit_card_statement,YESTERDAY SENDS A BILL,hard_cut
045,214,219,Dave gets raise / phone upgrade thought bubble,plain_blue,dave_happy_paycheck,paycheck,,hard_cut
046,219,224,Premium phone creep,plain_cream,dave_neutral,credit_card,LIFESTYLE CREEP,hard_cut
047,224,229,Holiday joke,street,dave_happy_paycheck,,UPGRADE EVERYTHING?,hard_cut
048,229,234,Fancy coffee joke,plain_cream,dave_neutral,,TASTING NOTES?,hard_cut
049,234,239,"Dave points: yes, creep is real",plain_blue,dave_pointing,,"YES, THIS HAPPENS",hard_cut
050,239,244,But structural costs push back,plain_cream,dave_worried_bills,rent,NOT THE WHOLE STORY,hard_cut
051,244,249,Fed concern statistic card,plain_blue,dave_neutral,,PRICE INCREASES = TOP CONCERN,hard_cut
052,249,254,Coffee scolding crossed out,plain_cream,dave_angry,,'JUST SKIP COFFEE',hard_cut
053,254,259,Disposable-income equation,plain_blue,dave_pointing,wallet,TAKE-HOME − ESSENTIALS,hard_cut
054,259,264,Three-number checklist intro,plain_cream,dave_pointing,,CHECK 3 NUMBERS,hard_cut
055,264,269,1 after-tax increase,plain_blue,dave_pointing,paycheck,1. AFTER-TAX RAISE,hard_cut
056,269,274,2 essential cost change,plain_cream,dave_worried_bills,grocery_receipt,2. ESSENTIAL COSTS,hard_cut
057,274,279,3 leftover,plain_blue,dave_neutral,wallet,3. WHAT'S LEFT,hard_cut
058,279,284,$200 in,plain_cream,dave_happy_paycheck,paycheck,+$200,hard_cut
059,284,289,$150 costs,plain_cream,dave_worried_bills,rent,-$150,hard_cut
060,289,294,$50 practical raise,plain_blue,dave_neutral,wallet,PRACTICAL RAISE: $50,hard_cut
061,294,299,Cash flow vs press release,office,boss,paycheck,CASH FLOW > PRESS RELEASE,hard_cut
062,299,304,Margin expands graphic,plain_blue,dave_happy_paycheck,savings_investment,MARGIN,hard_cut
063,304,309,Savings jar,plain_cream,dave_happy_paycheck,piggy_bank,SAVE,hard_cut
064,309,314,Emergency wallet,plain_blue,dave_neutral,wallet,BUFFER,hard_cut
065,314,319,"Investment chart, non-advice",plain_cream,investor,savings_investment,FUTURE,hard_cut
066,319,324,Fun money gag,plain_blue,dave_happy_paycheck,,FUN,hard_cut
067,324,329,Dave no longer thinks money every 15 min,home,dave_neutral,,BREATHE,hard_cut
068,329,334,Technically richer gag,plain_cream,dave_neutral,wallet,TECHNICALLY.,hard_cut
069,334,339,Budgeting premium subscription machine,plain_blue,dave_exhausted,subscription_machine,PREMIUM BUDGETING APP,hard_cut
070,339,344,App tells him cancel subscriptions,plain_cream,dave_exhausted,subscription_charge,CANCEL SUBSCRIPTIONS,hard_cut
071,344,350,Modern Life Inc end card,plain_cream,dave_neutral,,THE NUMBERS ARE REAL...,hard_cut
072,350,357,Final punchline,plain_cream,dave_exhausted,wallet,...THE MONEY IS STILL GONE.,fade_out
